{
    "loss": 0.06090763211250305,
    "accuracy": 0.9901960492134094
}