{
    "loss": 0.13201138377189636,
    "accuracy": 0.9803921580314636
}