{
    "loss": 4.94555139541626,
    "accuracy": 0.44117647409439087
}